{
  "best": {
    "file": "best.pt",
    "epoch": 385,
    "val_loss": 0.10774845133225124,
    "mmd": 0.08612672984600067,
    "cov": 0.34375,
    "nna_1nn": 0.671875
  },
  "last": {
    "file": "last.pt",
    "epoch": 400,
    "val_loss": 0.1077617568274339,
    "mmd": 0.08611250668764114,
    "cov": 0.328125,
    "nna_1nn": 0.671875
  }
}